<?xml version="1.0" encoding="UTF-8"?>
<addon id="plugin.video.hopechannel"
version="0.0.4"
name="HopeChannel"
provider-name="816_8055">
<requires>
  <import addon="xbmc.python" version="2.25.0"/>
</requires>
<extension point="xbmc.python.pluginsource" library="main.py">
  <provides>video</provides>
</extension>
<extension point="xbmc.addon.metadata">
  <summary lang="en">HopeChannel Plugin for Kodi</summary>
  <description lang="en_GB">Watch HopeChannel TV in Kodi</description>
  <assets>
    <icon>icon.png</icon>
    <fanart>fanart.png</fanart>
    <screenshot>resources\screenshot-01.png</screenshot>
    <screenshot>resources\screenshot-02.png</screenshot>
    <screenshot>resources\screenshot-03.png</screenshot>
    <screenshot>resources\screenshot-04.png</screenshot>
    <screenshot>resources\screenshot-05.png</screenshot>
  </assets>
  <news></news>
</extension>
<extension point="xbmc.addon.repository" name="816 kodi repo">
	<info compressed="true">https://raw.githubusercontent.com/816-8055/kodi_repo/master/addons.xml</info>
	<checksum>https://raw.githubusercontent.com/816-8055/kodi_repo/master/addons.xml.md5</checksum>
	<datadir zip="true">https://raw.githubusercontent.com/816-8055/kodi_repo/master/</datadir>
</extension>
</addon>
